Time (uS) - Plot 0,Amplitude - Plot 0
0,-1.00E+07
33,-1.10E+07
67,-1.30E+07
100,-1.30E+07
133,-1.40E+07
167,-1.40E+07
200,-1.30E+07
233,-1.30E+07
267,-1.20E+07
300,-1.10E+07
333,-9.00E+06
367,-7.00E+06
400,-5.00E+06
433,-3.00E+06
467,-1.00E+06
500,8.01E+05
533,3.00E+06
567,5.00E+06
600,7.00E+06
633,8.00E+06
667,1.00E+07
700,1.10E+07
733,1.20E+07
767,1.20E+07
800,1.20E+07
833,1.20E+07
867,1.20E+07
900,1.10E+07
933,1.00E+07
967,9.00E+06
1000,7.00E+06
1033,6.00E+06
1067,4.00E+06
1100,2.00E+06
1133,2.86E+05
1167,-2.00E+06
1200,-3.00E+06
1233,-5.00E+06
1267,-6.00E+06
1300,-8.00E+06
1333,-9.00E+06
1367,-1.00E+07
1400,-1.00E+07
1433,-1.00E+07
1467,-1.00E+07
1500,-1.00E+07
1533,-1.00E+07
1567,-9.00E+06
1600,-8.00E+06
1633,-7.00E+06
1667,-5.00E+06
1700,-4.00E+06
1733,-2.00E+06
1767,-6.83E+05
1800,9.17E+05
1833,2.00E+06
1867,4.00E+06
1900,5.00E+06
1933,6.00E+06
1967,7.00E+06
2000,8.00E+06
2033,8.00E+06
2067,9.00E+06
2100,9.00E+06
2133,8.00E+06
2167,8.00E+06
2200,7.00E+06
2233,7.00E+06
2267,6.00E+06
2300,5.00E+06
2333,3.00E+06
2367,2.00E+06
2400,7.65E+05
2433,-5.53E+05
2467,-2.00E+06
2500,-3.00E+06
2533,-4.00E+06
2567,-5.00E+06
2600,-6.00E+06
2633,-6.00E+06
2667,-7.00E+06
2700,-7.00E+06
2733,-7.00E+06
2767,-7.00E+06
2800,-7.00E+06
2833,-6.00E+06
2867,-6.00E+06
2900,-5.00E+06
2933,-4.00E+06
2967,-3.00E+06
3000,-2.00E+06
3033,-9.30E+05
3067,1.69E+05
3100,1.00E+06
3133,2.00E+06
3167,3.00E+06
3200,4.00E+06
3233,5.00E+06
3267,5.00E+06
3300,6.00E+06
3333,6.00E+06
3367,6.00E+06
3400,6.00E+06
3433,6.00E+06
3467,5.00E+06
3500,5.00E+06
3533,4.00E+06
3567,4.00E+06
3600,3.00E+06
3633,2.00E+06
3667,1.00E+06
3700,2.04E+05
3733,8.00E+07
3767,5.90E+04
3800,-8.70E+04
3833,-7.67E+05
3867,-2.00E+06
3900,-2.00E+06
3933,-3.00E+06
3967,-4.00E+06
4000,-5.00E+06
4033,-5.00E+06
4067,-5.00E+06
4100,-6.00E+06
4133,-6.00E+06
4167,-6.00E+06
4200,-6.00E+06
4233,-5.00E+06
4267,-5.00E+06
4300,-4.00E+06
4333,-3.00E+06
4367,-2.00E+06
4400,-1.00E+06
4433,-3.26E+05
4467,6.65E+05
4500,2.00E+06
4533,3.00E+06
4567,4.00E+06
4600,5.00E+06
4633,5.00E+06
4667,6.00E+06
4700,6.00E+06
4733,7.00E+06
4767,7.00E+06
4800,7.00E+06
4833,7.00E+06
4867,6.00E+06
4900,6.00E+06
4933,5.00E+06
4967,4.00E+06
5000,3.00E+06
5033,2.00E+06
5067,7.39E+05
5100,-5.71E+05
5133,-2.00E+06
5167,-3.00E+06
5200,-4.00E+06
5233,-5.00E+06
5267,-6.00E+06
5300,-7.00E+06
5333,-8.00E+06
5367,-8.00E+06
5400,-8.00E+06
5433,-8.00E+06
5467,-8.00E+06
5500,-7.00E+06
5533,-7.00E+06
5567,-6.00E+06
5600,-5.00E+06
5633,-4.00E+06
5667,-2.00E+06
5700,-1.00E+06
5733,3.95E+05
5767,2.00E+06
5800,3.00E+06
5833,5.00E+06
5867,6.00E+06
5900,7.00E+06
5933,8.00E+06
5967,9.00E+06
6000,9.00E+06
6033,1.00E+07
6067,1.00E+07
6100,9.00E+06
6133,9.00E+06
6167,8.00E+06
6200,7.00E+06
6233,6.00E+06
6267,5.00E+06
6300,3.00E+06
6333,2.00E+06
6367,-9.30E+04
6400,-2.00E+06
6433,-3.00E+06
6467,-5.00E+06
6500,-6.00E+06
6533,-8.00E+06
6567,-9.00E+06
6600,-1.00E+07
6633,-1.10E+07
6667,-1.10E+07
6700,-1.10E+07
6733,-1.10E+07
6767,-1.10E+07
6800,-1.00E+07
6833,-9.00E+06
6867,-8.00E+06
6900,-6.00E+06
6933,-5.00E+06
6967,-3.00E+06
7000,-9.42E+05
7033,8.70E+05
7067,3.00E+06
7100,5.00E+06
7133,6.00E+06
7167,8.00E+06
7200,9.00E+06
7233,1.00E+07
7267,1.10E+07
7300,1.20E+07
7333,1.20E+07
7367,1.20E+07
7400,1.20E+07
7433,1.10E+07
7467,1.00E+07
7500,9.00E+06
7533,8.00E+06
7567,6.00E+06
7600,5.00E+06
7633,3.00E+06
7667,7.02E+05
7700,-1.00E+06
7733,-3.00E+06
7767,-5.00E+06
7800,-7.00E+06
7833,-8.00E+06
7867,-9.00E+06
7900,-1.10E+07
7933,-1.10E+07
7967,-1.20E+07
8000,-1.20E+07
8033,-1.20E+07
8067,-1.20E+07
8100,-1.10E+07
8133,-1.00E+07
8167,-9.00E+06
8200,-7.00E+06
8233,-6.00E+06
8267,-4.00E+06
8300,-2.00E+06
8333,-4.05E+05
8367,1.00E+06
8400,3.00E+06
8433,5.00E+06
8467,6.00E+06
8500,8.00E+06
8533,9.00E+06
8567,1.00E+07
8600,1.00E+07
8633,1.10E+07
8667,1.10E+07
8700,1.00E+07
8733,1.00E+07
8767,9.00E+06
8800,8.00E+06
8833,7.00E+06
8867,6.00E+06
8900,4.00E+06
8933,3.00E+06
8967,1.00E+06
9000,-3.21E+05
9033,-2.00E+06
9067,-3.00E+06
9100,-5.00E+06
9133,-6.00E+06
9167,-7.00E+06
9200,-8.00E+06
9233,-8.00E+06
9267,-9.00E+06
9300,-9.00E+06
9333,-9.00E+06
9367,-9.00E+06
9400,-8.00E+06
9433,-7.00E+06
9467,-6.00E+06
9500,-5.00E+06
9533,-4.00E+06
9567,-3.00E+06
9600,-1.00E+06
9633,-3.70E+04
9667,1.00E+06
9700,2.00E+06
9733,4.00E+06
9767,5.00E+06
9800,6.00E+06
9833,6.00E+06
9867,7.00E+06
9900,7.00E+06
9933,7.00E+06
9967,7.00E+06
10000,7.00E+06
10033,7.00E+06
10067,6.00E+06
10100,5.00E+06
10133,5.00E+06
10167,4.00E+06
10200,3.00E+06
10233,1.00E+06
10267,2.72E+05
10300,-8.21E+05
10333,-2.00E+06
10367,-3.00E+06
10400,-4.00E+06
10433,-5.00E+06
10467,-5.00E+06
10500,-6.00E+06
10533,-6.00E+06
10567,-6.00E+06
10600,-6.00E+06
10633,-6.00E+06
10667,-6.00E+06
10700,-5.00E+06
10733,-5.00E+06
10767,-4.00E+06
10800,-3.00E+06
10833,-2.00E+06
10867,-1.00E+06
10900,-5.23E+05
10933,3.70E+05
10967,1.00E+06
11000,2.00E+06
11033,3.00E+06
11067,4.00E+06
11100,4.00E+06
11133,5.00E+06
11167,5.00E+06
11200,5.00E+06
11233,3.90E+07
11267,4.40E+07
11300,-4.43E+05
11333,-4.00E+06
11367,-4.00E+06
11400,-4.00E+06
11433,-3.00E+06
11467,-3.00E+06
11500,-2.00E+06
11533,-2.00E+06
11567,-8.15E+05
11600,2.80E+04
11633,8.28E+05
11667,2.00E+06
11700,2.00E+06
11733,3.00E+06
11767,4.00E+06
11800,4.00E+06
11833,5.00E+06
11867,5.00E+06
11900,6.00E+06
11933,6.00E+06
11967,6.00E+06
12000,5.00E+06
12033,5.00E+06
12067,4.00E+06
12100,4.00E+06
12133,3.00E+06
12167,2.00E+06
12200,1.00E+06
12233,4.21E+05
12267,-5.88E+05
12300,-2.00E+06
12333,-3.00E+06
12367,-3.00E+06
12400,-4.00E+06
12433,-5.00E+06
12467,-6.00E+06
12500,-6.00E+06
12533,-7.00E+06
12567,-7.00E+06
12600,-7.00E+06
12633,-6.00E+06
12667,-6.00E+06
12700,-5.00E+06
12733,-5.00E+06
12767,-4.00E+06
12800,-3.00E+06
12833,-2.00E+06
12867,-8.64E+05
12900,3.14E+05
12933,2.00E+06
12967,3.00E+06
13000,4.00E+06
13033,5.00E+06
13067,6.00E+06
13100,7.00E+06
13133,7.00E+06
13167,8.00E+06
13200,8.00E+06
13233,8.00E+06
13267,8.00E+06
13300,7.00E+06
13333,7.00E+06
13367,6.00E+06
13400,5.00E+06
13433,4.00E+06
13467,3.00E+06
13500,1.00E+06
13533,2.40E+04
13567,-1.00E+06
13600,-3.00E+06
13633,-4.00E+06
13667,-5.00E+06
13700,-6.00E+06
13733,-7.00E+06
13767,-8.00E+06
13800,-9.00E+06
13833,-9.00E+06
13867,-9.00E+06
13900,-9.00E+06
13933,-9.00E+06
13967,-8.00E+06
14000,-7.00E+06
14033,-7.00E+06
14067,-5.00E+06
14100,-4.00E+06
14133,-3.00E+06
14167,-1.00E+06
14200,5.22E+05
14233,2.00E+06
14267,4.00E+06
14300,5.00E+06
14333,6.00E+06
14367,8.00E+06
14400,9.00E+06
14433,9.00E+06
14467,1.00E+07
14500,1.00E+07
14533,1.00E+07
14567,1.00E+07
14600,1.00E+07
14633,9.00E+06
14667,8.00E+06
14700,7.00E+06
14733,6.00E+06
14767,4.00E+06
14800,3.00E+06
14833,1.00E+06
14867,-6.03E+05
14900,-2.00E+06
14933,-4.00E+06
14967,-5.00E+06
15000,-7.00E+06
15033,-8.00E+06
15067,-9.00E+06
15100,-9.00E+06
15133,-1.00E+07
15167,-1.00E+07
15200,-1.00E+07
15233,-1.00E+07
15267,-9.00E+06
15300,-9.00E+06
15333,-8.00E+06
15367,-7.00E+06
15400,-5.00E+06
15433,-4.00E+06
15467,-2.00E+06
15500,-8.39E+05
15533,6.94E+05
15567,2.00E+06
15600,4.00E+06
15633,5.00E+06
15667,6.00E+06
15700,7.00E+06
15733,8.00E+06
15767,9.00E+06
15800,9.00E+06
15833,9.00E+06
15867,9.00E+06
15900,9.00E+06
15933,8.00E+06
15967,7.00E+06
16000,6.00E+06
16033,5.00E+06
16067,4.00E+06
16100,3.00E+06
16133,2.00E+06
16167,2.11E+05
16200,-1.00E+06
16233,-2.00E+06
16267,-4.00E+06
16300,-5.00E+06
16333,-6.00E+06
16367,-6.00E+06
16400,-7.00E+06
16433,-7.00E+06
16467,-8.00E+06
16500,-8.00E+06
16533,-7.00E+06
16567,-7.00E+06
16600,-6.00E+06
16633,-6.00E+06
16667,-5.00E+06
16700,-4.00E+06
16733,-3.00E+06
16767,-2.00E+06
16800,-5.13E+05
16833,6.22E+05
16867,2.00E+06
16900,3.00E+06
16933,4.00E+06
16967,5.00E+06
17000,5.00E+06
17033,6.00E+06
17067,6.00E+06
17100,6.00E+06
17133,6.00E+06
17167,6.00E+06
17200,6.00E+06
17233,5.00E+06
17267,5.00E+06
17300,4.00E+06
17333,3.00E+06
17367,3.00E+06
17400,2.00E+06
17433,6.12E+05
17467,-3.40E+05
17500,-1.00E+06
17533,-2.00E+06
17567,-3.00E+06
17600,-4.00E+06
17633,-4.00E+06
17667,-5.00E+06
17700,-5.00E+06
17733,-5.00E+06
17767,-5.00E+06
17800,-5.00E+06
17833,-5.00E+06
17867,-5.00E+06
17900,-4.00E+06
17933,-4.00E+06
17967,-3.00E+06
18000,-2.00E+06
18033,-2.00E+06
18067,-7.71E+05
18100,6.20E+04
18133,8.34E+05
18167,2.00E+06
18200,2.00E+06
18233,3.00E+06
18267,3.00E+06
18300,4.00E+06
18333,4.00E+06
18367,4.00E+06
18400,4.00E+06
18433,4.00E+06
18467,4.00E+06
18500,4.00E+06
18533,4.00E+06
18567,3.00E+06
18600,3.00E+06
18633,2.00E+06
18667,1.00E+06
18700,8.54E+05
18733,2.27E+05
18767,8.00E+07
18800,3.20E+04
18833,-5.20E+05
18867,-1.00E+06
18900,-2.00E+06
18933,-2.00E+06
18967,-3.00E+06
19000,-3.00E+06
19033,-4.00E+06
19067,-4.00E+06
19100,-4.00E+06
19133,-4.00E+06
19167,-4.00E+06
19200,-4.00E+06
19233,-4.00E+06
19267,-3.00E+06
19300,-3.00E+06
19333,-2.00E+06
19367,-2.00E+06
19400,-9.83E+05
19433,-2.14E+05
19467,5.43E+05
19500,1.00E+06
19533,2.00E+06
19567,3.00E+06
19600,3.00E+06
19633,4.00E+06
19667,4.00E+06
19700,5.00E+06
19733,5.00E+06
19767,5.00E+06
19800,5.00E+06
19833,5.00E+06
19867,5.00E+06
19900,4.00E+06
19933,4.00E+06
19967,3.00E+06
20000,2.00E+06
20033,1.00E+06
20067,4.48E+05
20100,-4.29E+05
20133,-1.00E+06
20167,-2.00E+06
20200,-3.00E+06
20233,-4.00E+06
20267,-4.00E+06
20300,-5.00E+06
20333,-5.00E+06
20367,-6.00E+06
20400,-6.00E+06
20433,-6.00E+06
20467,-6.00E+06
20500,-5.00E+06
20533,-5.00E+06
20567,-4.00E+06
20600,-3.00E+06
20633,-3.00E+06
20667,-2.00E+06
20700,-5.99E+05
20733,3.53E+05
20767,1.00E+06
20800,2.00E+06
20833,3.00E+06
20867,4.00E+06
20900,5.00E+06
20933,6.00E+06
20967,6.00E+06
21000,7.00E+06
21033,7.00E+06
21067,7.00E+06
21100,7.00E+06
21133,6.00E+06
21167,6.00E+06
21200,5.00E+06
21233,4.00E+06
21267,3.00E+06
21300,2.00E+06
21333,1.00E+06
21367,-7.80E+04
21400,-1.00E+06
21433,-2.00E+06
21467,-4.00E+06
21500,-5.00E+06
21533,-6.00E+06
21567,-6.00E+06
21600,-7.00E+06
21633,-7.00E+06
21667,-8.00E+06
21700,-8.00E+06
21733,-8.00E+06
21767,-7.00E+06
21800,-7.00E+06
21833,-6.00E+06
21867,-5.00E+06
21900,-4.00E+06
21933,-3.00E+06
21967,-2.00E+06
22000,-6.40E+05
22033,6.59E+05
22067,2.00E+06
22100,3.00E+06
22133,4.00E+06
22167,6.00E+06
22200,7.00E+06
22233,7.00E+06
22267,8.00E+06
22300,8.00E+06
22333,9.00E+06
22367,9.00E+06
22400,8.00E+06
22433,8.00E+06
22467,7.00E+06
22500,6.00E+06
22533,6.00E+06
22567,4.00E+06
22600,3.00E+06
22633,2.00E+06
22667,5.44E+05
22700,-8.13E+05
22733,-2.00E+06
22767,-3.00E+06
22800,-5.00E+06
22833,-6.00E+06
22867,-7.00E+06
22900,-7.00E+06
22933,-8.00E+06
22967,-8.00E+06
23000,-8.00E+06
23033,-8.00E+06
23067,-8.00E+06
23100,-8.00E+06
23133,-7.00E+06
23167,-6.00E+06
23200,-5.00E+06
23233,-4.00E+06
23267,-3.00E+06
23300,-2.00E+06
23333,-4.65E+05
23367,8.32E+05
23400,2.00E+06
23433,3.00E+06
23467,4.00E+06
23500,5.00E+06
23533,6.00E+06
23567,7.00E+06
23600,7.00E+06
23633,7.00E+06
23667,7.00E+06
23700,7.00E+06
23733,7.00E+06
23767,6.00E+06
23800,6.00E+06
23833,5.00E+06
23867,4.00E+06
23900,3.00E+06
23933,2.00E+06
23967,1.00E+06
24000,5.60E+04
24033,-9.98E+05
24067,-2.00E+06
24100,-3.00E+06
24133,-4.00E+06
24167,-5.00E+06
24200,-5.00E+06
24233,-6.00E+06
24267,-6.00E+06
24300,-6.00E+06
24333,-6.00E+06
24367,-6.00E+06
24400,-6.00E+06
24433,-5.00E+06
24467,-5.00E+06
24500,-4.00E+06
24533,-3.00E+06
24567,-2.00E+06
24600,-1.00E+06
24633,-4.17E+05
24667,4.91E+05
24700,1.00E+06
24733,2.00E+06
24767,3.00E+06
24800,4.00E+06
24833,4.00E+06
24867,5.00E+06
24900,5.00E+06
24933,5.00E+06
24967,5.00E+06
25000,5.00E+06
25033,5.00E+06
25067,4.00E+06
25100,4.00E+06
25133,3.00E+06
25167,3.00E+06
25200,2.00E+06
25233,1.00E+06
25267,5.73E+05
25300,-1.24E+05
25333,-8.75E+05
25367,-2.00E+06
25400,-2.00E+06
25433,-3.00E+06
25467,-3.00E+06
25500,-4.00E+06
25533,-4.00E+06
25567,-4.00E+06
25600,-4.00E+06
25633,-4.00E+06
25667,-4.00E+06
25700,-4.00E+06
25733,-3.00E+06
25767,-3.00E+06
25800,-2.00E+06
25833,-2.00E+06
25867,-1.00E+06
25900,-7.27E+05
25933,-1.34E+05
25967,4.51E+05
26000,1.00E+06
26033,2.00E+06
26067,2.00E+06
26100,2.00E+06
26133,3.00E+06
26167,3.00E+06
26200,3.00E+06
26233,3.00E+06
26267,8.10E+07
26300,-2.20E+05
26333,-1.00E+06
26367,-3.00E+06
26400,-2.00E+06
26433,-2.00E+06
26467,-2.00E+06
26500,-2.00E+06
26533,-1.00E+06
26567,-7.24E+05
26600,-2.34E+05
26633,2.89E+05
26667,8.26E+05
26700,1.00E+06
26733,2.00E+06
26767,2.00E+06
26800,3.00E+06
26833,3.00E+06
26867,3.00E+06
26900,3.00E+06
26933,3.00E+06
26967,4.00E+06
27000,3.00E+06
27033,3.00E+06
27067,3.00E+06
27100,3.00E+06
27133,2.00E+06
27167,2.00E+06
27200,1.00E+06
27233,6.87E+05
27267,1.84E+05
27300,-4.79E+05
27333,-1.00E+06
27367,-2.00E+06
27400,-2.00E+06
27433,-3.00E+06
27467,-3.00E+06
27500,-4.00E+06
27533,-4.00E+06
27567,-4.00E+06
27600,-4.00E+06
27633,-4.00E+06
27667,-4.00E+06
27700,-4.00E+06
27733,-3.00E+06
27767,-3.00E+06
27800,-3.00E+06
27833,-2.00E+06
27867,-1.00E+06
27900,-5.53E+05
27933,1.30E+05
27967,8.62E+05
28000,2.00E+06
28033,2.00E+06
28067,3.00E+06
28100,4.00E+06
28133,4.00E+06
28167,5.00E+06
28200,5.00E+06
28233,5.00E+06
28267,5.00E+06
28300,5.00E+06
28333,5.00E+06
28367,4.00E+06
28400,4.00E+06
28433,3.00E+06
28467,3.00E+06
28500,2.00E+06
28533,1.00E+06
28567,3.12E+05
28600,-5.90E+05
28633,-1.00E+06
28667,-2.00E+06
28700,-3.00E+06
28733,-4.00E+06
28767,-5.00E+06
28800,-5.00E+06
28833,-6.00E+06
28867,-6.00E+06
28900,-6.00E+06
28933,-6.00E+06
28967,-6.00E+06
29000,-6.00E+06
29033,-5.00E+06
29067,-5.00E+06
29100,-4.00E+06
29133,-3.00E+06
29167,-2.00E+06
29200,-1.00E+06
29233,-2.06E+05
29267,8.32E+05
29300,2.00E+06
29333,3.00E+06
29367,4.00E+06
29400,5.00E+06
29433,5.00E+06
29467,6.00E+06
29500,6.00E+06
29533,7.00E+06
29567,7.00E+06
29600,7.00E+06
29633,7.00E+06
29667,6.00E+06
29700,6.00E+06
29733,5.00E+06
29767,4.00E+06
29800,3.00E+06
29833,2.00E+06
29867,1.00E+06
29900,2.94E+05
29933,-7.85E+05
29967,-2.00E+06
30000,-3.00E+06
30033,-4.00E+06
30067,-5.00E+06
30100,-5.00E+06
30133,-6.00E+06
30167,-6.00E+06
30200,-7.00E+06
30233,-7.00E+06
30267,-7.00E+06
30300,-7.00E+06
30333,-6.00E+06
30367,-6.00E+06
30400,-5.00E+06
30433,-4.00E+06
30467,-3.00E+06
30500,-2.00E+06
30533,-1.00E+06
30567,-3.03E+05
30600,6.94E+05
30633,2.00E+06
30667,3.00E+06
30700,3.00E+06
30733,4.00E+06
30767,5.00E+06
30800,5.00E+06
30833,6.00E+06
30867,6.00E+06
30900,6.00E+06
30933,6.00E+06
30967,6.00E+06
31000,5.00E+06
31033,5.00E+06
31067,4.00E+06
31100,3.00E+06
31133,3.00E+06
31167,2.00E+06
31200,8.59E+05
31233,-5.00E+03
31267,-9.38E+05
31300,-2.00E+06
31333,-3.00E+06
31367,-3.00E+06
31400,-4.00E+06
31433,-4.00E+06
31467,-5.00E+06
31500,-5.00E+06
31533,-5.00E+06
31567,-5.00E+06
31600,-5.00E+06
31633,-5.00E+06
31667,-4.00E+06
31700,-4.00E+06
31733,-3.00E+06
31767,-2.00E+06
31800,-2.00E+06
31833,-9.60E+05
31867,-2.30E+05
31900,5.67E+05
31933,1.00E+06
31967,2.00E+06
32000,3.00E+06
32033,3.00E+06
32067,4.00E+06
32100,4.00E+06
32133,4.00E+06
32167,4.00E+06
32200,4.00E+06
32233,4.00E+06
32267,4.00E+06
32300,4.00E+06
32333,3.00E+06
32367,3.00E+06
32400,2.00E+06
32433,2.00E+06
32467,9.78E+05
32500,3.13E+05
32533,-2.68E+05
32567,-9.62E+05
32600,-2.00E+06
32633,-2.00E+06
32667,-3.00E+06
32700,-3.00E+06
32733,-3.00E+06
32767,-3.00E+06
32800,-4.00E+06
32833,-4.00E+06
32867,-4.00E+06
32900,-3.00E+06
32933,-3.00E+06
32967,-3.00E+06
33000,-2.00E+06
33033,-2.00E+06
33067,-2.00E+06
33100,-9.15E+05
33133,-4.27E+05
33167,8.20E+04
33200,6.40E+05
33233,1.00E+06
33267,2.00E+06
33300,2.00E+06
33333,2.00E+06
33367,3.00E+06
33400,3.00E+06
33433,3.00E+06
33467,3.00E+06
33500,3.00E+06
33533,3.00E+06
33567,3.00E+06
33600,2.00E+06
33633,2.00E+06
33667,2.00E+06
33700,1.00E+06
33733,9.53E+05
33767,5.70E+07
33800,2.30E+07
33833,-1.15E+05
33867,-1.00E+06
33900,-1.00E+06
33933,-2.00E+06
33967,-2.00E+06
34000,-2.00E+06
34033,-3.00E+06
34067,-3.00E+06
34100,-3.00E+06
34133,-3.00E+06
34167,-3.00E+06
34200,-3.00E+06
34233,-2.00E+06
34267,-2.00E+06
34300,-2.00E+06
34333,-1.00E+06
34367,-7.99E+05
34400,-3.06E+05
34433,2.42E+05
34467,7.40E+05
34500,1.00E+06
34533,2.00E+06
34567,2.00E+06
34600,3.00E+06
34633,3.00E+06
34667,3.00E+06
34700,3.00E+06
34733,3.00E+06
34767,3.00E+06
34800,3.00E+06
34833,3.00E+06
34867,3.00E+06
34900,2.00E+06
34933,2.00E+06
34967,2.00E+06
35000,1.00E+06
35033,4.45E+05
35067,-2.11E+05
35100,-7.97E+05
35133,-1.00E+06
35167,-2.00E+06
35200,-2.00E+06
35233,-3.00E+06
35267,-3.00E+06
35300,-4.00E+06
35333,-4.00E+06
35367,-4.00E+06
35400,-4.00E+06
35433,-4.00E+06
35467,-4.00E+06
35500,-3.00E+06
35533,-3.00E+06
35567,-2.00E+06
35600,-2.00E+06
35633,-1.00E+06
35667,-4.81E+05
35700,1.50E+05
35733,8.37E+05
35767,2.00E+06
35800,2.00E+06
35833,3.00E+06
35867,3.00E+06
35900,4.00E+06
35933,4.00E+06
35967,4.00E+06
36000,4.00E+06
36033,4.00E+06
36067,4.00E+06
36100,4.00E+06
36133,4.00E+06
36167,3.00E+06
36200,3.00E+06
36233,2.00E+06
36267,1.00E+06
36300,7.21E+05
36333,-2.10E+04
36367,-7.91E+05
36400,-2.00E+06
36433,-2.00E+06
36467,-3.00E+06
36500,-4.00E+06
36533,-4.00E+06
36567,-5.00E+06
36600,-5.00E+06
36633,-5.00E+06
36667,-5.00E+06
36700,-5.00E+06
36733,-5.00E+06
36767,-5.00E+06
36800,-4.00E+06
36833,-4.00E+06
36867,-3.00E+06
36900,-2.00E+06
36933,-1.00E+06
36967,-4.93E+05
37000,3.08E+05
37033,1.00E+06
37067,2.00E+06
37100,3.00E+06
37133,4.00E+06
37167,4.00E+06
37200,5.00E+06
37233,5.00E+06
37267,5.00E+06
37300,6.00E+06
37333,6.00E+06
37367,5.00E+06
37400,5.00E+06
37433,5.00E+06
37467,4.00E+06
37500,4.00E+06
37533,3.00E+06
37567,2.00E+06
37600,1.00E+06
37633,5.73E+05
37667,-3.38E+05
37700,-1.00E+06
37733,-2.00E+06
37767,-3.00E+06
37800,-4.00E+06
37833,-4.00E+06
37867,-5.00E+06
37900,-5.00E+06
37933,-5.00E+06
37967,-5.00E+06
38000,-5.00E+06
38033,-5.00E+06
38067,-5.00E+06
38100,-5.00E+06
38133,-4.00E+06
38167,-4.00E+06
38200,-3.00E+06
38233,-2.00E+06
38267,-1.00E+06
38300,-5.78E+05
38333,2.31E+05
38367,1.00E+06
38400,2.00E+06
38433,2.00E+06
38467,3.00E+06
38500,4.00E+06
38533,4.00E+06
38567,4.00E+06
38600,5.00E+06
38633,5.00E+06
38667,5.00E+06
38700,5.00E+06
38733,4.00E+06
38767,4.00E+06
38800,3.00E+06
38833,3.00E+06
38867,2.00E+06
38900,2.00E+06
38933,1.00E+06
38967,3.98E+05
39000,-3.14E+05
39033,-9.09E+05
39067,-2.00E+06
39100,-2.00E+06
39133,-3.00E+06
39167,-3.00E+06
39200,-3.00E+06
39233,-4.00E+06
39267,-4.00E+06
39300,-4.00E+06
39333,-4.00E+06
39367,-4.00E+06
39400,-3.00E+06
39433,-3.00E+06
39467,-3.00E+06
39500,-2.00E+06
39533,-2.00E+06
39567,-1.00E+06
39600,-6.06E+05
39633,-1.04E+05
39667,4.29E+05
39700,9.68E+05
39733,1.00E+06
39767,2.00E+06
39800,2.00E+06
39833,3.00E+06
39867,3.00E+06
39900,3.00E+06
39933,3.00E+06
39967,3.00E+06
40000,3.00E+06
40033,3.00E+06
40067,3.00E+06
40100,2.00E+06
40133,2.00E+06
40167,2.00E+06
40200,1.00E+06
40233,7.98E+05
40267,3.15E+05
40300,-1.09E+05
40333,-4.95E+05
40367,-9.70E+05
40400,-1.00E+06
40433,-2.00E+06
40467,-2.00E+06
40500,-2.00E+06
40533,-2.00E+06
40567,-2.00E+06
40600,-2.00E+06
40633,-2.00E+06
40667,-2.00E+06
40700,-2.00E+06
40733,-2.00E+06
40767,-2.00E+06
40800,-2.00E+06
40833,-1.00E+06
40867,-8.99E+05
40900,-6.03E+05
40933,-2.23E+05
40967,1.16E+05
41000,4.74E+05
41033,7.74E+05
41067,1.00E+06
41100,1.00E+06
41133,1.00E+06
41167,2.00E+06
41200,2.00E+06
41233,2.00E+06
41267,2.00E+06
41300,8.00E+07
41333,-1.58E+05
41367,-1.00E+06
41400,-1.00E+06
41433,-1.00E+06
41467,-1.00E+06
41500,-9.58E+05
41533,-7.65E+05
41567,-5.36E+05
41600,-2.90E+05
41633,-1.70E+04
41667,2.02E+05
41700,4.98E+05
41733,8.04E+05
41767,1.00E+06
41800,1.00E+06
41833,1.00E+06
41867,2.00E+06
41900,2.00E+06
41933,2.00E+06
41967,2.00E+06
42000,2.00E+06
42033,2.00E+06
42067,2.00E+06
42100,2.00E+06
42133,2.00E+06
42167,1.00E+06
42200,1.00E+06
42233,8.42E+05
42267,5.61E+05
42300,2.21E+05
42333,-1.01E+05
42367,-4.02E+05
42400,-7.02E+05
42433,-1.00E+06
42467,-1.00E+06
42500,-2.00E+06
42533,-2.00E+06
42567,-2.00E+06
42600,-2.00E+06
42633,-2.00E+06
42667,-2.00E+06
42700,-2.00E+06
42733,-2.00E+06
42767,-2.00E+06
42800,-2.00E+06
42833,-2.00E+06
42867,-1.00E+06
42900,-1.00E+06
42933,-7.50E+05
42967,-3.37E+05
43000,8.60E+04
43033,5.22E+05
43067,9.25E+05
43100,1.00E+06
43133,2.00E+06
43167,2.00E+06
43200,2.00E+06
43233,3.00E+06
43267,3.00E+06
43300,3.00E+06
43333,3.00E+06
43367,3.00E+06
43400,3.00E+06
43433,3.00E+06
43467,2.00E+06
43500,2.00E+06
43533,2.00E+06
43567,1.00E+06
43600,8.12E+05
43633,2.91E+05
43667,-2.01E+05
43700,-7.14E+05
43733,-1.00E+06
43767,-2.00E+06
43800,-2.00E+06
43833,-3.00E+06
43867,-3.00E+06
43900,-3.00E+06
43933,-4.00E+06
43967,-4.00E+06
44000,-4.00E+06
44033,-4.00E+06
44067,-4.00E+06
44100,-3.00E+06
44133,-3.00E+06
44167,-3.00E+06
44200,-2.00E+06
44233,-2.00E+06
44267,-1.00E+06
44300,-3.93E+05
44333,1.89E+05
44367,8.39E+05
44400,1.00E+06
44433,2.00E+06
44467,3.00E+06
44500,3.00E+06
44533,4.00E+06
44567,4.00E+06
44600,4.00E+06
44633,4.00E+06
44667,4.00E+06
44700,4.00E+06
44733,4.00E+06
44767,4.00E+06
44800,3.00E+06
44833,3.00E+06
44867,3.00E+06
44900,2.00E+06
44933,1.00E+06
44967,6.66E+05
45000,-9.70E+04
45033,-7.54E+05
45067,-1.00E+06
45100,-2.00E+06
45133,-3.00E+06
45167,-3.00E+06
45200,-4.00E+06
45233,-4.00E+06
45267,-4.00E+06
45300,-4.00E+06
45333,-4.00E+06
45367,-4.00E+06
45400,-4.00E+06
45433,-4.00E+06
45467,-4.00E+06
45500,-3.00E+06
45533,-3.00E+06
45567,-2.00E+06
45600,-1.00E+06
45633,-6.94E+05
45667,4.00E+03
45700,6.39E+05
45733,1.00E+06
45767,2.00E+06
45800,2.00E+06
45833,3.00E+06
45867,3.00E+06
45900,4.00E+06
45933,4.00E+06
45967,4.00E+06
46000,4.00E+06
46033,4.00E+06
46067,4.00E+06
46100,3.00E+06
46133,3.00E+06
46167,3.00E+06
46200,2.00E+06
46233,2.00E+06
46267,1.00E+06
46300,4.07E+05
46333,-1.59E+05
46367,-7.70E+05
46400,-1.00E+06
46433,-2.00E+06
46467,-2.00E+06
46500,-3.00E+06
46533,-3.00E+06
46567,-3.00E+06
46600,-3.00E+06
46633,-3.00E+06
46667,-3.00E+06
46700,-3.00E+06
46733,-3.00E+06
46767,-3.00E+06
46800,-2.00E+06
46833,-2.00E+06
46867,-1.00E+06
46900,-1.00E+06
46933,-5.39E+05
46967,-4.06E+02
47000,4.76E+05
47033,9.74E+05
47067,1.00E+06
47100,2.00E+06
47133,2.00E+06
47167,2.00E+06
47200,3.00E+06
47233,3.00E+06
47267,3.00E+06
47300,3.00E+06
47333,3.00E+06
47367,3.00E+06
47400,2.00E+06
47433,2.00E+06
47467,2.00E+06
47500,1.00E+06
47533,9.15E+05
47567,4.86E+05
47600,5.40E+04
47633,-4.04E+05
47667,-8.22E+05
47700,-1.00E+06
47733,-2.00E+06
47767,-2.00E+06
47800,-2.00E+06
47833,-2.00E+06
47867,-2.00E+06
47900,-2.00E+06
47933,-2.00E+06
47967,-2.00E+06
48000,-2.00E+06
48033,-2.00E+06
48067,-2.00E+06
48100,-1.00E+06
48133,-1.00E+06
48167,-8.70E+05
48200,-4.64E+05
48233,-4.30E+04
48267,2.45E+05
48300,5.90E+05
48333,9.02E+05
48367,1.00E+06
48400,2.00E+06
48433,2.00E+06
48467,2.00E+06
48500,2.00E+06
48533,2.00E+06
48567,2.00E+06
48600,2.00E+06
48633,2.00E+06
48667,2.00E+06
48700,1.00E+06
48733,1.00E+06
48767,9.87E+05
48800,8.00E+07
48833,-3.70E+04
48867,-5.33E+05
48900,-1.00E+06
48933,-1.00E+06
48967,-2.00E+06
49000,-2.00E+06
49033,-2.00E+06
49067,-2.00E+06
49100,-2.00E+06
49133,-2.00E+06
49167,-2.00E+06
49200,-2.00E+06
49233,-1.00E+06
49267,-1.00E+06
49300,-7.53E+05
49333,-4.23E+05
49367,-5.80E+04
49400,2.56E+05
49433,6.04E+05
49467,9.54E+05
49500,1.00E+06
49533,2.00E+06
49567,2.00E+06
49600,2.00E+06
49633,2.00E+06
49667,2.00E+06
49700,2.00E+06
49733,2.00E+06
49767,2.00E+06
49800,2.00E+06
49833,2.00E+06
49867,2.00E+06
49900,1.00E+06
49933,8.76E+05
49967,4.86E+05
50000,1.18E+05
50033,-2.89E+05
50067,-6.94E+05
50100,-1.00E+06
50133,-1.00E+06
50167,-2.00E+06
50200,-2.00E+06
50233,-2.00E+06
50267,-3.00E+06
50300,-3.00E+06
50333,-3.00E+06
50367,-3.00E+06
50400,-3.00E+06
50433,-2.00E+06
50467,-2.00E+06
50500,-2.00E+06
50533,-1.00E+06
50567,-1.00E+06
50600,-5.51E+05
50633,-1.31E+05
50667,3.52E+05
50700,8.58E+05
50733,1.00E+06
50767,2.00E+06
50800,2.00E+06
50833,2.00E+06
50867,3.00E+06
50900,3.00E+06
50933,3.00E+06
50967,3.00E+06
51000,3.00E+06
51033,3.00E+06
51067,3.00E+06
51100,2.00E+06
51133,2.00E+06
51167,2.00E+06
51200,1.00E+06
51233,7.27E+05
51267,1.42E+05
51300,-3.40E+05
51333,-8.43E+05
51367,-1.00E+06
51400,-2.00E+06
51433,-2.00E+06
51467,-3.00E+06
51500,-3.00E+06
51533,-3.00E+06
51567,-3.00E+06
51600,-4.00E+06
51633,-4.00E+06
51667,-3.00E+06
51700,-3.00E+06
51733,-3.00E+06
51767,-3.00E+06
51800,-2.00E+06
51833,-2.00E+06
51867,-1.00E+06
51900,-5.80E+05
51933,1.20E+04
51967,6.02E+05
52000,1.00E+06
52033,2.00E+06
52067,2.00E+06
52100,3.00E+06
52133,3.00E+06
52167,3.00E+06
52200,4.00E+06
52233,4.00E+06
52267,4.00E+06
52300,4.00E+06
52333,4.00E+06
52367,3.00E+06
52400,3.00E+06
52433,3.00E+06
52467,2.00E+06
52500,2.00E+06
52533,1.00E+06
52567,6.18E+05
52600,2.00E+03
52633,-5.76E+05
52667,-1.00E+06
52700,-2.00E+06
52733,-2.00E+06
52767,-3.00E+06
52800,-3.00E+06
52833,-3.00E+06
52867,-3.00E+06
52900,-4.00E+06
52933,-4.00E+06
52967,-4.00E+06
53000,-3.00E+06
53033,-3.00E+06
53067,-3.00E+06
53100,-3.00E+06
53133,-2.00E+06
53167,-2.00E+06
53200,-1.00E+06
53233,-6.74E+05
53267,-1.23E+05
53300,4.02E+05
53333,9.26E+05
53367,1.00E+06
53400,2.00E+06
53433,2.00E+06
53467,3.00E+06
53500,3.00E+06
53533,3.00E+06
53567,3.00E+06
53600,3.00E+06
53633,3.00E+06
53667,3.00E+06
53700,3.00E+06
53733,2.00E+06
53767,2.00E+06
53800,2.00E+06
53833,1.00E+06
53867,8.75E+05
53900,4.97E+05
53933,5.00E+04
53967,-3.98E+05
54000,-7.99E+05
54033,-1.00E+06
54067,-1.00E+06
54100,-2.00E+06
54133,-2.00E+06
54167,-2.00E+06
54200,-2.00E+06
54233,-2.00E+06
54267,-2.00E+06
54300,-2.00E+06
54333,-2.00E+06
54367,-2.00E+06
54400,-2.00E+06
54433,-1.00E+06
54467,-1.00E+06
54500,-8.95E+05
54533,-5.33E+05
54567,-2.27E+05
54600,4.80E+04
54633,3.74E+05
54667,6.77E+05
54700,9.57E+05
54733,1.00E+06
54767,1.00E+06
54800,2.00E+06
54833,2.00E+06
54867,2.00E+06
54900,2.00E+06
54933,2.00E+06
54967,2.00E+06
55000,2.00E+06
55033,1.00E+06
55067,1.00E+06
55100,1.00E+06
55133,8.77E+05
55167,6.55E+05
55200,4.34E+05
55233,1.70E+05
55267,-1.11E+05
55300,-3.06E+05
55333,-4.64E+05
55367,-7.00E+05
55400,-9.10E+05
55433,-9.81E+05
55467,-1.00E+06
55500,-1.00E+06
55533,-1.00E+06
55567,-1.00E+06
55600,-1.00E+06
55633,-1.00E+06
55667,-1.00E+06
55700,-1.00E+06
55733,-1.00E+06
55767,-8.80E+05
55800,-7.31E+05
55833,-5.90E+05
55867,-3.66E+05
55900,-2.51E+05
55933,-8.40E+04
55967,1.21E+05
56000,2.67E+05
56033,4.19E+05
56067,6.28E+05
56100,6.25E+05
56133,8.07E+05
56167,8.89E+05
56200,9.85E+05
56233,9.86E+05
56267,1.00E+06
56300,7.70E+07
56333,4.00E+06
56367,-1.39E+05
56400,-6.39E+05
56433,-6.52E+05
56467,-6.31E+05
56500,-5.88E+05
56533,-4.71E+05
56567,-3.90E+05
56600,-2.73E+05
56633,-1.82E+05
56667,-3.30E+04
56700,6.80E+04
56733,1.34E+05
56767,2.74E+05
56800,4.05E+05
56833,4.73E+05
56867,5.86E+05
56900,6.54E+05
56933,7.71E+05
56967,8.56E+05
57000,9.10E+05
57033,9.50E+05
57067,9.51E+05
57100,9.47E+05
57133,9.03E+05
57167,9.04E+05
57200,8.36E+05
57233,7.47E+05
57267,6.51E+05
57300,5.46E+05
57333,4.54E+05
57367,2.39E+05
57400,1.08E+05
57433,-6.30E+04
57467,-2.75E+05
57500,-4.18E+05
57533,-6.04E+05
57567,-7.57E+05
57600,-9.18E+05
57633,-1.00E+06
57667,-1.00E+06
57700,-1.00E+06
57733,-1.00E+06
57767,-1.00E+06
57800,-1.00E+06
57833,-1.00E+06
57867,-1.00E+06
57900,-1.00E+06
57933,-1.00E+06
57967,-8.85E+05
58000,-6.83E+05
58033,-4.82E+05
58067,-2.18E+05
58100,3.90E+04
58133,2.86E+05
58167,5.26E+05
58200,7.91E+05
58233,9.91E+05
58267,1.00E+06
58300,1.00E+06
58333,2.00E+06
58367,2.00E+06
58400,2.00E+06
58433,2.00E+06
58467,2.00E+06
58500,2.00E+06
58533,2.00E+06
58567,2.00E+06
58600,1.00E+06
58633,1.00E+06
58667,8.93E+05
58700,5.83E+05
58733,2.80E+05
58767,-7.60E+04
58800,-4.47E+05
58833,-7.66E+05
58867,-1.00E+06
58900,-1.00E+06
58933,-2.00E+06
58967,-2.00E+06
59000,-2.00E+06
59033,-2.00E+06
59067,-3.00E+06
59100,-3.00E+06
59133,-3.00E+06
59167,-2.00E+06
59200,-2.00E+06
59233,-2.00E+06
59267,-2.00E+06
59300,-2.00E+06
59333,-1.00E+06
59367,-7.41E+05
59400,-3.21E+05
59433,1.23E+05
59467,5.57E+05
59500,9.77E+05
59533,1.00E+06
59567,2.00E+06
59600,2.00E+06
59633,2.00E+06
59667,3.00E+06
59700,3.00E+06
59733,3.00E+06
59767,3.00E+06
59800,3.00E+06
59833,3.00E+06
59867,3.00E+06
59900,3.00E+06
59933,2.00E+06
59967,2.00E+06
60000,1.00E+06
60033,9.36E+05
60067,4.91E+05
60100,1.50E+04
60133,-4.72E+05
60167,-9.69E+05
60200,-1.00E+06
60233,-2.00E+06
60267,-2.00E+06
60300,-2.00E+06
60333,-3.00E+06
60367,-3.00E+06
60400,-3.00E+06
60433,-3.00E+06
60467,-3.00E+06
60500,-3.00E+06
60533,-3.00E+06
60567,-3.00E+06
60600,-2.00E+06
60633,-2.00E+06
60667,-1.00E+06
60700,-1.00E+06
60733,-6.04E+05
60767,-5.00E+04
60800,3.90E+05
60833,9.15E+05
60867,1.00E+06
60900,2.00E+06
60933,2.00E+06
60967,2.00E+06
61000,3.00E+06
61033,3.00E+06
61067,3.00E+06
61100,3.00E+06
61133,3.00E+06
61167,3.00E+06
61200,2.00E+06
61233,2.00E+06
61267,2.00E+06
61300,2.00E+06
61333,1.00E+06
61367,7.55E+05
61400,3.61E+05
61433,-8.00E+04
61467,-5.06E+05
61500,-9.14E+05
61533,-1.00E+06
61567,-2.00E+06
61600,-2.00E+06
61633,-2.00E+06
61667,-2.00E+06
61700,-2.00E+06
61733,-2.00E+06
61767,-2.00E+06
61800,-2.00E+06
61833,-2.00E+06
61867,-2.00E+06
61900,-2.00E+06
61933,-1.00E+06
61967,-1.00E+06
62000,-6.95E+05
62033,-3.40E+05
62067,4.00E+03
62100,3.48E+05
62133,6.86E+05
62167,1.00E+06
62200,1.00E+06
62233,2.00E+06
62267,2.00E+06
62300,2.00E+06
62333,2.00E+06
62367,2.00E+06
62400,2.00E+06
62433,2.00E+06
62467,2.00E+06
62500,2.00E+06
62533,1.00E+06
62567,1.00E+06
62600,8.93E+05
62633,6.06E+05
62667,3.07E+05
62700,-4.50E+04
62733,-2.72E+05
62767,-5.90E+05
62800,-8.76E+05
62833,-1.00E+06
62867,-1.00E+06
62900,-1.00E+06
62933,-2.00E+06
62967,-2.00E+06
63000,-2.00E+06
63033,-2.00E+06
63067,-2.00E+06
63100,-1.00E+06
63133,-1.00E+06
63167,-1.00E+06
63200,-9.58E+05
63233,-7.31E+05
63267,-4.94E+05
63300,-2.52E+05
63333,1.10E+04
63367,2.00E+05
63400,4.53E+05
63433,6.66E+05
63467,8.38E+05
63500,9.95E+05
63533,1.00E+06
63567,1.00E+06
63600,1.00E+06
63633,1.00E+06
63667,1.00E+06
63700,1.00E+06
63733,1.00E+06
63767,1.00E+06
63800,3.00E+06
63833,7.80E+07
63867,-6.40E+04
63900,-7.38E+05
63933,-9.63E+05
63967,-1.00E+06
64000,-1.00E+06
64033,-1.00E+06
64067,-1.00E+06
64100,-1.00E+06
64133,-9.53E+05
64167,-8.59E+05
64200,-7.05E+05
64233,-5.67E+05
64267,-3.80E+05
64300,-1.62E+05
64333,8.90E+04
64367,2.62E+05
64400,4.77E+05
64433,7.12E+05
64467,9.07E+05
64500,1.00E+06
64533,1.00E+06
64567,1.00E+06
64600,1.00E+06
64633,1.00E+06
64667,1.00E+06
64700,1.00E+06
64733,1.00E+06
64767,1.00E+06
64800,1.00E+06
64833,9.15E+05
64867,6.79E+05
64900,4.07E+05
64933,1.81E+05
64967,-8.80E+04
65000,-3.89E+05
65033,-6.79E+05
65067,-8.89E+05
65100,-1.00E+06
65133,-1.00E+06
65167,-2.00E+06
65200,-2.00E+06
65233,-2.00E+06
65267,-2.00E+06
65300,-2.00E+06
65333,-2.00E+06
65367,-2.00E+06
65400,-1.00E+06
65433,-1.00E+06
65467,-1.00E+06
65500,-8.14E+05
65533,-5.17E+05
65567,-1.90E+05
65600,1.03E+05
65633,4.69E+05
65667,8.01E+05
65700,1.00E+06
65733,1.00E+06
65767,2.00E+06
65800,2.00E+06
65833,2.00E+06
65867,2.00E+06
65900,2.00E+06
65933,2.00E+06
65967,2.00E+06
66000,2.00E+06
66033,2.00E+06
66067,2.00E+06
66100,1.00E+06
66133,9.83E+05
66167,6.70E+05
66200,2.79E+05
66233,-1.35E+05
66267,-4.61E+05
66300,-8.96E+05
66333,-1.00E+06
66367,-2.00E+06
66400,-2.00E+06
66433,-2.00E+06
66467,-2.00E+06
66500,-3.00E+06
66533,-3.00E+06
66567,-3.00E+06
66600,-3.00E+06
66633,-2.00E+06
66667,-2.00E+06
66700,-2.00E+06
66733,-2.00E+06
66767,-1.00E+06
66800,-1.00E+06
66833,-6.49E+05
66867,-2.13E+05
66900,2.68E+05
66933,6.90E+05
66967,1.00E+06
67000,2.00E+06
67033,2.00E+06
67067,2.00E+06
67100,3.00E+06
67133,3.00E+06
67167,3.00E+06
67200,3.00E+06
67233,3.00E+06
67267,3.00E+06
67300,3.00E+06
67333,2.00E+06
67367,2.00E+06
67400,2.00E+06
67433,1.00E+06
67467,1.00E+06
67500,6.42E+05
67533,1.94E+05
67567,-2.21E+05
67600,-7.03E+05
67633,-1.00E+06
67667,-1.00E+06
67700,-2.00E+06
67733,-2.00E+06
67767,-2.00E+06
67800,-3.00E+06
67833,-3.00E+06
67867,-3.00E+06
67900,-3.00E+06
67933,-3.00E+06
67967,-2.00E+06
68000,-2.00E+06
68033,-2.00E+06
68067,-2.00E+06
68100,-1.00E+06
68133,-9.83E+05
68167,-6.42E+05
68200,-2.43E+05
68233,1.39E+05
68267,5.48E+05
68300,8.84E+05
68333,1.00E+06
68367,2.00E+06
68400,2.00E+06
68433,2.00E+06
68467,2.00E+06
68500,2.00E+06
68533,2.00E+06
68567,2.00E+06
68600,2.00E+06
68633,2.00E+06
68667,2.00E+06
68700,2.00E+06
68733,1.00E+06
68767,1.00E+06
68800,7.51E+05
68833,4.34E+05
68867,1.18E+05
68900,-1.60E+05
68933,-4.93E+05
68967,-8.09E+05
69000,-9.89E+05
69033,-1.00E+06
69067,-1.00E+06
69100,-2.00E+06
69133,-2.00E+06
69167,-2.00E+06
69200,-2.00E+06
69233,-2.00E+06
69267,-2.00E+06
69300,-1.00E+06
69333,-1.00E+06
69367,-1.00E+06
69400,-9.04E+05
69433,-6.73E+05
69467,-4.16E+05
69500,-1.82E+05
69533,2.70E+04
69567,2.44E+05
69600,4.78E+05
69633,6.28E+05
69667,7.86E+05
69700,9.54E+05
69733,1.00E+06
69767,1.00E+06
69800,1.00E+06
69833,1.00E+06
69867,1.00E+06
69900,1.00E+06
69933,1.00E+06
69967,9.27E+05
70000,8.42E+05
70033,6.99E+05
70067,5.53E+05
70100,3.72E+05
70133,2.55E+05
70167,8.10E+04
70200,-2.20E+04
70233,-2.12E+05
70267,-3.29E+05
70300,-4.62E+05
70333,-6.22E+05
70367,-6.42E+05
70400,-6.72E+05
70433,-7.76E+05
70467,-7.85E+05
70500,-7.52E+05
70533,-8.32E+05
70567,-7.57E+05
70600,-7.50E+05
70633,-6.41E+05
70667,-5.57E+05
70700,-5.06E+05
70733,-4.21E+05
70767,-3.39E+05
70800,-2.38E+05
70833,-1.47E+05
70867,-3.60E+04
70900,4.20E+04
70933,1.49E+05
70967,1.97E+05
71000,2.68E+05
71033,3.19E+05
71067,3.95E+05
71100,3.90E+05
71133,4.17E+05
71167,4.60E+05
71200,4.82E+05
71233,5.20E+05
71267,5.12E+05
71300,4.42E+05
71333,8.00E+07
71367,-2.10E+04
71400,-1.51E+05
71433,-2.95E+05
71467,-3.46E+05
71500,-2.71E+05
71533,-2.46E+05
71567,-1.98E+05
71600,-2.08E+05
71633,-2.27E+05
71667,-1.59E+05
71700,-1.12E+05
71733,-1.07E+05
71767,-7.70E+04
71800,-5.00E+03
71833,5.20E+04
71867,8.30E+04
71900,1.41E+05
71933,2.46E+05
71967,2.78E+05
72000,3.54E+05
72033,4.25E+05
72067,4.75E+05
72100,4.61E+05
72133,5.41E+05
72167,5.71E+05
72200,5.50E+05
72233,5.97E+05
72267,5.81E+05
72300,5.55E+05
72333,5.27E+05
72367,4.58E+05
72400,3.79E+05
72433,3.39E+05
72467,2.70E+05
72500,8.50E+04
72533,6.10E+04
72567,-1.03E+05
72600,-2.57E+05
72633,-3.56E+05
72667,-4.90E+05
72700,-6.25E+05
72733,-7.43E+05
72767,-8.15E+05
72800,-9.23E+05
72833,-9.38E+05
72867,-1.00E+06
72900,-9.89E+05
72933,-1.00E+06
72967,-9.53E+05
73000,-8.96E+05
73033,-7.87E+05
73067,-6.55E+05
73100,-5.64E+05
73133,-3.84E+05
73167,-1.96E+05
73200,-3.70E+04
73233,1.20E+05
73267,3.95E+05
73300,6.12E+05
73333,7.76E+05
73367,9.82E+05
73400,1.00E+06
73433,1.00E+06
73467,1.00E+06
73500,1.00E+06
73533,1.00E+06
73567,1.00E+06
73600,1.00E+06
73633,1.00E+06
73667,1.00E+06
73700,1.00E+06
73733,8.71E+05
73767,6.54E+05
73800,4.23E+05
73833,1.48E+05
73867,-1.20E+05
73900,-4.12E+05
73933,-7.03E+05
73967,-9.76E+05
74000,-1.00E+06
74033,-1.00E+06
74067,-2.00E+06
74100,-2.00E+06
74133,-2.00E+06
74167,-2.00E+06
74200,-2.00E+06
74233,-2.00E+06
74267,-2.00E+06
74300,-2.00E+06
74333,-2.00E+06
74367,-1.00E+06
74400,-1.00E+06
74433,-8.04E+05
74467,-4.51E+05
74500,-1.20E+05
74533,2.41E+05
74567,5.63E+05
74600,9.30E+05
74633,1.00E+06
74667,1.00E+06
74700,2.00E+06
74733,2.00E+06
74767,2.00E+06
74800,2.00E+06
74833,2.00E+06
74867,2.00E+06
74900,2.00E+06
74933,2.00E+06
74967,2.00E+06
75000,2.00E+06
75033,2.00E+06
75067,1.00E+06
75100,9.19E+05
75133,5.77E+05
75167,1.85E+05
75200,-1.69E+05
75233,-5.98E+05
75267,-9.94E+05
75300,-1.00E+06
75333,-2.00E+06
75367,-2.00E+06
75400,-2.00E+06
75433,-2.00E+06
75467,-2.00E+06
75500,-2.00E+06
75533,-2.00E+06
75567,-2.00E+06
75600,-2.00E+06
75633,-2.00E+06
75667,-2.00E+06
75700,-2.00E+06
75733,-1.00E+06
75767,-9.13E+05
75800,-5.92E+05
75833,-1.95E+05
75867,1.58E+05
75900,5.34E+05
75933,8.38E+05
75967,1.00E+06
76000,1.00E+06
76033,2.00E+06
76067,2.00E+06
76100,2.00E+06
76133,2.00E+06
76167,2.00E+06
76200,2.00E+06
76233,2.00E+06
76267,2.00E+06
76300,2.00E+06
76333,2.00E+06
76367,1.00E+06
76400,1.00E+06
76433,7.01E+05
76467,3.89E+05
76500,9.50E+04
76533,-1.93E+05
76567,-5.27E+05
76600,-8.49E+05
76633,-1.00E+06
76667,-1.00E+06
76700,-1.00E+06
76733,-2.00E+06
76767,-2.00E+06
76800,-2.00E+06
76833,-2.00E+06
76867,-2.00E+06
76900,-2.00E+06
76933,-1.00E+06
76967,-1.00E+06
77000,-1.00E+06
77033,-9.11E+05
77067,-6.66E+05
77100,-4.19E+05
77133,-1.49E+05
77167,1.24E+05
77200,3.57E+05
77233,5.80E+05
77267,8.07E+05
77300,1.00E+06
77333,1.00E+06
77367,1.00E+06
77400,1.00E+06
77433,1.00E+06
77467,1.00E+06
77500,1.00E+06
77533,1.00E+06
77567,1.00E+06
77600,1.00E+06
77633,9.41E+05
77667,7.73E+05
77700,5.84E+05
77733,3.25E+05
77767,1.72E+05
77800,-5.20E+04
77833,-2.44E+05
77867,-4.07E+05
77900,-5.89E+05
77933,-7.64E+05
77967,-9.17E+05
78000,-9.37E+05
78033,-1.00E+06
78067,-1.00E+06
78100,-1.00E+06
78133,-1.00E+06
78167,-1.00E+06
78200,-9.97E+05
78233,-8.31E+05
78267,-7.56E+05
78300,-6.05E+05
78333,-4.45E+05
78367,-3.02E+05
78400,-1.80E+05
78433,2.00E+04
78467,9.00E+04
78500,2.48E+05
78533,4.40E+05
78567,4.96E+05
78600,5.98E+05
